fold,f0.5,precision,recall,roc_auc,n_pred_pos,n_true_pos
1,0.2138157894736842,0.22033898305084745,0.19117647058823528,0.6682659134034846,59,13
2,0.2247191011235955,0.2222222222222222,0.23529411764705882,0.6738938243919268,72,16
3,0.22590361445783133,0.22727272727272727,0.22058823529411764,0.6347895463170605,66,15
4,0.2638522427440633,0.2564102564102564,0.29850746268656714,0.6717838333952492,78,20
5,0.24804177545691905,0.24050632911392406,0.2835820895522388,0.6614912261532746,79,19
6,0.24115755627009647,0.2459016393442623,0.22388059701492538,0.6277288520792814,61,15
