fold,f0.5,precision,recall,roc_auc,n_pred_pos,n_true_pos
1,0.20220588235294118,0.21568627450980393,0.16176470588235295,0.6197925651198896,51,11
2,0.21103896103896103,0.21666666666666667,0.19117647058823528,0.6483633776091082,60,13
3,0.15202702702702703,0.15789473684210525,0.1323529411764706,0.5957823011902708,57,9
4,0.2786377708978328,0.28125,0.26865671641791045,0.6645505998557724,64,18
5,0.2599388379204893,0.26153846153846155,0.2537313432835821,0.6496470793907476,65,17
6,0.18450184501845018,0.19607843137254902,0.14925373134328357,0.6225279167850354,51,10
