fold,f0.5,precision,recall,roc_auc,n_pred_pos,n_true_pos
1,0.2857142857142857,0.3018867924528302,0.23529411764705882,0.6879096946696567,53,16
2,0.2568493150684932,0.26785714285714285,0.22058823529411764,0.690605054338451,56,15
3,0.23333333333333334,0.2413793103448276,0.20588235294117646,0.6658185268242194,58,14
4,0.24050632911392406,0.23170731707317074,0.2835820895522388,0.6651187692576648,82,19
5,0.23943661971830985,0.2361111111111111,0.2537313432835821,0.653209064487227,72,17
6,0.2222222222222222,0.22580645161290322,0.208955223880597,0.619402985074627,62,14
