fold,f0.5,precision,recall,roc_auc,n_pred_pos,n_true_pos
1,0.29545454545454547,0.34210526315789475,0.19117647058823528,0.705483439710195,38,13
2,0.21551724137931033,0.24390243902439024,0.14705882352941177,0.7071006555114715,41,10
3,0.21739130434782608,0.23076923076923078,0.17647058823529413,0.6651716405037087,52,12
4,0.23219814241486067,0.234375,0.22388059701492538,0.6649220952339328,64,15
5,0.18726591760299627,0.2,0.14925373134328357,0.6620156902165599,50,10
6,0.20242914979757085,0.2222222222222222,0.14925373134328357,0.6083455344070278,45,10
