fold,f0.5,precision,recall,roc_auc,n_pred_pos,n_true_pos
1,0.19801980198019803,0.19047619047619047,0.23529411764705882,0.6455170777988615,84,16
2,0.1941747572815534,0.18604651162790697,0.23529411764705882,0.6440508021390373,86,16
3,0.23284313725490197,0.2235294117647059,0.27941176470588236,0.6049465240641712,85,19
4,0.25263157894736843,0.23529411764705882,0.3582089552238806,0.6524223683922992,102,24
5,0.2229299363057325,0.2079207920792079,0.31343283582089554,0.6547387513384759,101,21
6,0.21108179419525067,0.20512820512820512,0.23880597014925373,0.6277725574178886,78,16
