model,threshold,f0.5_mean,f0.5_std,precision_mean,precision_std,recall_mean,recall_std,roc_auc_mean
RandomForest,0.4925376884422111,0.2463436841950947,0.022330736464863978,0.25079135424199767,0.028963863311942756,0.23467222709979516,0.029814061234607274,0.663677349108641
Ensemble (XGB+LGB+RF avg),0.2960301507537689,0.23624834658769833,0.018266455538468576,0.23544202623570662,0.01445212734389706,0.24217149546385716,0.04083323028856532,0.6563255326233796
LogisticRegression,0.7487437185929648,0.2250427168328516,0.03767430024527175,0.245562359195623,0.04957413007660951,0.1728489903424056,0.030763103165159275,0.6688398425971492
XGBoost,0.17663316582914573,0.21861350099416751,0.022164940921082746,0.2080658714538792,0.018885965610523713,0.2767412935323383,0.05072515378231807,0.6382413468584557
LightGBM,0.231356783919598,0.2147250540426169,0.04721000640788611,0.22151909515493107,0.044547019838972225,0.19282265144863917,0.05653815827311344,0.6334439733251372
